id,name,designation,role
1,David Johnson,Analytical chemist,employee
2,Victoria Todd,"Clinical scientist, histocompatibility and immunogenetics",employee
3,Adam Frazier,Artist,employee
4,Jason Jennings,Adult nurse,employee
5,Brittney Smith,IT consultant,employee
6,William Johnson,Herbalist,employee
7,Amber Contreras,Sports administrator,employee
8,Derek Gallegos,Architectural technologist,employee
9,Victoria James,Wellsite geologist,employee
10,Lisa Taylor,Water engineer,employee
11,Andrew Lawrence,Drilling engineer,employee
12,Ruben Carter,Automotive engineer,employee
13,Brian Gould,Firefighter,employee
14,Angela Castaneda,"Engineer, water",employee
15,Joseph Lopez,Museum/gallery exhibitions officer,employee
16,Gregory Marsh,Geophysical data processor,employee
17,Joy Jackson,Immigration officer,employee
18,Michael Ryan,"Runner, broadcasting/film/video",employee
19,Sara Clark,"Investment banker, operational",employee
20,Kara Cortez,Field seismologist,employee
21,Gloria Mitchell,Manufacturing systems engineer,employee
22,James Glover,Regulatory affairs officer,employee
23,Alicia Bowen,Broadcast presenter,employee
24,Mark Taylor,Academic librarian,employee
25,Joseph Sparks,Chief Marketing Officer,employee
26,Shawn Diaz,"Programmer, applications",employee
27,Michael George,Structural engineer,employee
28,Chelsea Harper,Hydrologist,employee
29,Julie Harris,"Loss adjuster, chartered",employee
30,Miss Karen Scott PhD,Copy,employee
31,Matthew Villarreal,"Scientist, water quality",employee
32,Jennifer Wilson,Technical sales engineer,employee
33,Ronald Jacobs,Best boy,employee
34,Chad Smith,Paediatric nurse,employee
35,Michael Bowen,"Librarian, academic",employee
36,Jeremy Lynn,Politician's assistant,employee
37,Wendy Schultz,"Research officer, trade union",employee
38,Ruben Smith,Tourism officer,employee
39,Samuel Cohen,Maintenance engineer,employee
40,Michael Long,"Designer, interior/spatial",employee
41,Kevin Murray,Amenity horticulturist,employee
42,Amy Ferrell,Risk manager,employee
43,Jo Turner,"Journalist, broadcasting",employee
44,Dana Cardenas,Special educational needs teacher,employee
45,Patrick Collier,Museum/gallery conservator,employee
46,Erin Shelton,"Investment banker, corporate",employee
47,Angela Baker,Radio producer,employee
48,Rebecca Hernandez,"Nurse, children's",employee
49,Austin Harrison,Marketing executive,employee
50,Martin Dunn,Learning mentor,employee
51,Monica Barrera,"Therapist, sports",employee
52,Thomas Washington,Chief Operating Officer,employee
53,Douglas Dickerson,"Designer, multimedia",employee
54,Lori Young,Industrial/product designer,employee
55,Steven Sullivan,Arts administrator,employee
56,Andre Miller,"Surveyor, mining",employee
57,David Moss,Retail banker,employee
58,William Moreno,"Production assistant, radio",employee
59,Amanda Gutierrez,Insurance underwriter,employee
60,Kimberly Moody,Clothing/textile technologist,employee
61,Brenda Stephens,"Psychotherapist, dance movement",employee
62,Sarah Newton,Sports therapist,employee
63,Gregory Cunningham,Industrial buyer,employee
64,Timothy Lopez,Hospital pharmacist,employee
65,Karen Casey,Archivist,employee
66,Jeffrey Taylor,"Psychologist, sport and exercise",employee
67,William Williams,Photographer,employee
68,Michael Melendez,Multimedia specialist,employee
69,Sierra Hamilton MD,"Buyer, retail",employee
70,Jacqueline Taylor,English as a foreign language teacher,employee
71,Jason May,Arboriculturist,employee
72,Casey Burns Jr.,Naval architect,employee
73,Jason Hess,Tourist information centre manager,employee
74,Robert Garza,"Designer, textile",employee
75,Casey Berry,Interpreter,employee
76,Carol Woods,Site engineer,employee
77,Jasmine Alvarado,Banker,employee
78,Kent Walsh,Publishing rights manager,employee
79,Larry Lewis,Chiropractor,employee
80,Jacqueline Edwards,Radio producer,employee
81,Tara Lopez,Armed forces logistics/support/administrative officer,employee
82,Kathleen Johnson,"Production assistant, television",employee
83,Aaron Hawkins,IT sales professional,employee
84,Heather Snyder,"Designer, textile",employee
85,Patrick Thompson,Network engineer,employee
86,Veronica Johnson,Haematologist,employee
87,Sarah Carter,Technical author,employee
88,Mrs. Cynthia Snyder,"Psychologist, prison and probation services",employee
89,Sara Jennings,Recruitment consultant,employee
90,Elizabeth Olsen,"Civil engineer, contracting",employee
91,Rebecca Lara,Media buyer,employee
92,Tyler Hernandez,Fashion designer,employee
93,Sylvia Fernandez,Graphic designer,employee
94,Roger Burnett,"Radiographer, therapeutic",employee
95,Johnathan Glenn,"Engineer, maintenance",employee
96,Lynn Mendez,"Administrator, charities/voluntary organisations",employee
97,Nicholas Morris,Chief Strategy Officer,employee
98,David Campbell,Senior tax professional/tax inspector,employee
99,Timothy Duarte,Photographer,employee
100,Patricia Higgins,"Teacher, adult education",employee
101,Jennifer Spencer,Food technologist,employee
102,Christopher Patel,Network engineer,employee
103,Dennis Park,Dentist,employee
104,Michelle Cunningham,Health service manager,employee
105,Patricia Duarte,Psychiatric nurse,employee
106,Diana West,Community education officer,employee
107,Taylor Martin,Toxicologist,employee
108,Tiffany Ramirez,Illustrator,employee
109,Rachel Norman,Minerals surveyor,employee
110,Emily Harrell,Administrator,employee
111,Kathy Howell,Wellsite geologist,employee
112,Danielle Hoffman,Warehouse manager,employee
113,Aaron Smith,"Designer, furniture",employee
114,Jonathan Padilla,"Engineer, civil (contracting)",employee
115,Lori Phillips,Stage manager,employee
116,Suzanne Rodgers,Outdoor activities/education manager,employee
117,Susan Craig,Government social research officer,employee
118,Angela Le,Counsellor,employee
119,Michelle Collins,"Producer, radio",employee
120,Rachel Moreno,Meteorologist,employee
121,Christopher Davis,Warehouse manager,employee
122,Charles Perez,Publishing rights manager,employee
123,Shawn Perez,Clinical cytogeneticist,employee
124,Cory Salas,IT consultant,employee
125,Antonio Joseph,Forest/woodland manager,employee
126,Rebecca Alvarez,Personnel officer,employee
127,Erin Davis,Prison officer,employee
128,Stephanie Porter,Intelligence analyst,employee
129,James Green,Market researcher,employee
130,Patrick Anderson,Barista,employee
131,Holly Martinez,Structural engineer,employee
132,Kristopher Barr,Dentist,employee
133,Robert Sharp MD,"Administrator, local government",employee
134,Roberto Vasquez,Field trials officer,employee
135,Amy English,Landscape architect,employee
136,Alexander Stanton,Tree surgeon,employee
137,Raymond Mason,Adult guidance worker,employee
138,Miss Sandra Adams,Customer service manager,employee
139,David Estes,Water quality scientist,employee
140,Jodi Hunter,"Engineer, chemical",employee
141,Adam Spencer,Set designer,employee
142,Wendy Bailey,Retail buyer,employee
143,Susan Parker,"Exhibitions officer, museum/gallery",employee
144,Kendra Bradley,"Engineer, technical sales",employee
145,Derek Roth,Industrial/product designer,employee
146,Thomas Wood,"Horticulturist, commercial",employee
147,Timothy Ross,Ergonomist,employee
148,Darrell Kim,"Engineer, drilling",employee
149,Chelsea Turner,Community pharmacist,employee
150,Alexander Webb,"Psychologist, sport and exercise",employee
151,Lori Harmon,"Lecturer, higher education",employee
152,Miss Barbara Robinson,Geographical information systems officer,employee
153,Yvonne Thomas,Medical laboratory scientific officer,employee
154,Matthew Walker,"Development worker, international aid",employee
155,Gregory Pierce,Fashion designer,employee
156,Angela Roberts,"Engineer, maintenance (IT)",employee
157,Candace Calderon,Applications developer,employee
158,Emily Garcia,"Nurse, children's",employee
159,Lori Bailey,Database administrator,employee
160,Jonathan Hawkins,"Engineer, building services",employee
161,Barry Chavez,Public relations account executive,employee
162,Sara Clements,Banker,employee
163,Christian Curtis,"Education officer, environmental",employee
164,Andrew Thomas,"Designer, blown glass/stained glass",employee
165,Leslie Williams MD,Herpetologist,employee
166,Nicholas Montgomery,"Therapist, music",employee
167,Charles Chambers,Insurance underwriter,employee
168,Michael Johnson,"Copywriter, advertising",employee
169,Heather Lozano,Aeronautical engineer,employee
170,Angela Brown,"Administrator, local government",employee
171,Max Hopkins,Dispensing optician,employee
172,Carlos Hoover,Forensic psychologist,employee
173,Daniel Carter,Structural engineer,employee
174,Scott Simpson,Systems analyst,employee
175,Melissa Stafford,Medical physicist,employee
176,Tony Weiss,Investment analyst,employee
177,Dale Smith,Financial adviser,employee
178,Madison Anderson,Technical author,employee
179,Christina Lambert,Legal secretary,employee
180,Kristen Walter,"Education officer, environmental",employee
181,Jay Tanner,Higher education careers adviser,employee
182,Morgan Jackson,"Surveyor, mining",employee
183,Joshua Murphy,Psychiatric nurse,employee
184,Tiffany Molina,"Engineer, control and instrumentation",employee
185,Stanley Campos,Museum/gallery conservator,employee
186,Tasha Fitzgerald,Public relations account executive,employee
187,Deborah Poole,Retail buyer,employee
188,Garrett Herrera,"Conservator, museum/gallery",employee
189,Lance Rodriguez,"Scientist, forensic",employee
190,Michael Vincent,Associate Professor,employee
191,Brianna Wilson,"Nurse, adult",employee
192,Roger Curry,Customer service manager,employee
193,Joel Phillips,Software engineer,employee
194,Casey Sherman,"Engineer, agricultural",employee
195,Angela Jones,"Pharmacist, hospital",employee
196,Grant Kelley,Chief Marketing Officer,employee
197,Mark Jimenez,Electrical engineer,employee
198,Cynthia Hodge DDS,Commissioning editor,employee
199,Melissa Case,Dramatherapist,employee
200,Robert Moore,Operational researcher,employee
201,David Hansen,"Physicist, medical",employee
202,Eric Ballard,Logistics and distribution manager,employee
203,Kent Martinez,"Production designer, theatre/television/film",employee
204,Sabrina Waller,Product manager,employee
205,Jason Lopez,Technical sales engineer,employee
206,James Mcintyre,Maintenance engineer,employee
207,Martin Richard,Ambulance person,employee
208,Karen Mcdaniel,Animator,employee
209,Jennifer Gill,Research scientist (physical sciences),employee
210,Donna Stein,Merchant navy officer,employee
211,Bryan Kelly,Higher education careers adviser,employee
212,Elizabeth Rodriguez,Personnel officer,employee
213,David Keller,Radio broadcast assistant,employee
214,David Reyes,"Accountant, chartered certified",employee
215,Steven Williams,"Designer, blown glass/stained glass",employee
216,Michele Sampson,Legal secretary,employee
217,David Fuentes,Claims inspector/assessor,employee
218,Monica Alvarez,Equality and diversity officer,employee
219,Christopher Keller,Ergonomist,employee
220,Robert Valdez,IT technical support officer,employee
221,Kim Lawrence,Warden/ranger,employee
222,Dominic Chase,Visual merchandiser,employee
223,Karen Park,Science writer,employee
224,Aaron Williams,Primary school teacher,employee
225,Christopher Jimenez,"Surveyor, minerals",employee
226,Ronald Ross,"Accountant, chartered public finance",employee
227,Paul Cox,Early years teacher,employee
228,William Oconnor,Sports coach,employee
229,James Walker,Careers information officer,employee
230,Ronnie Whitaker,"Administrator, Civil Service",employee
231,Michael Williams,Biomedical engineer,employee
232,Samantha Howe,Research scientist (physical sciences),employee
233,Shelley Harris,Chief Technology Officer,employee
234,Michelle Miller,Secondary school teacher,employee
235,Daniel Everett,Tourism officer,employee
236,Lisa Thompson,Public house manager,employee
237,Roberta Martin,Museum/gallery conservator,employee
238,Stephanie Reyes,Building control surveyor,employee
239,Zachary Tran,Adult guidance worker,employee
240,Joseph Buckley,"Designer, multimedia",employee
241,Bonnie Ramirez,"Engineer, manufacturing",employee
242,Carl Johnson,Holiday representative,employee
243,Stephanie Lopez,"Surveyor, minerals",employee
244,Gail Weiss,Haematologist,employee
245,Juan Brown,Immigration officer,employee
246,Brad Garrett,Broadcast presenter,employee
247,Joshua Washington,Advertising copywriter,employee
248,Jessica Phillips,Armed forces training and education officer,employee
249,Hector Rose,Horticultural therapist,employee
250,Sherry Parker,Museum/gallery conservator,employee
251,Yesenia Spencer,Set designer,employee
252,Cheryl Roman,Geoscientist,employee
253,Sandra Kirk PhD,Jewellery designer,employee
254,Laura Ruiz,Commercial art gallery manager,employee
255,Francisco Becker,"Engineer, maintenance",employee
256,Kimberly Fitzgerald,Paramedic,employee
257,Rachel Owens,Armed forces operational officer,employee
258,Jennifer Phelps,Building surveyor,employee
259,Lori Reynolds,Maintenance engineer,employee
260,Lynn Anderson,"Designer, fashion/clothing",employee
261,Susan Lopez,"Designer, television/film set",employee
262,Angela Ryan,Radio producer,employee
263,Lisa Murray,Photographer,employee
264,Cheryl Daniel,Futures trader,employee
265,Michael Marquez,Immigration officer,employee
266,Kimberly Burke,Counsellor,employee
267,Melissa Rubio,Historic buildings inspector/conservation officer,employee
268,Jacob Caldwell,Production engineer,employee
269,Carolyn Higgins,"Education officer, environmental",employee
270,Jacob Rhodes,Sports therapist,employee
271,Stephen Phelps,Cabin crew,employee
272,Amanda Cline,"Scientist, research (life sciences)",employee
273,Megan Parks,Data scientist,employee
274,Gary Thomas,Administrator,employee
275,Timothy Knight,Trading standards officer,employee
276,Kimberly Reyes,"Education officer, museum",employee
277,David Rodriguez,"Programme researcher, broadcasting/film/video",employee
278,Sherri Baker,Fast food restaurant manager,employee
279,Kayla Berry,Museum education officer,employee
280,David Lopez,Facilities manager,employee
281,Michelle Prince,"Pharmacist, hospital",employee
282,Samantha Smith,Chief of Staff,employee
283,Mark Anderson,Analytical chemist,employee
284,John Ellison,Fitness centre manager,employee
285,Samuel Holloway,Air broker,employee
286,Amy Reyes,"Doctor, hospital",employee
287,Bridget Calderon,Proofreader,employee
288,Tiffany Jimenez,Politician's assistant,employee
289,Karl White,Dentist,employee
290,Anthony Martin,Chief Technology Officer,employee
291,Logan Nunez,Dentist,employee
292,Debra Bradley,"Social research officer, government",employee
293,Kristine Black,Make,employee
294,Jordan Reed,Agricultural consultant,employee
295,Michaela Ray,Petroleum engineer,employee
296,Stephanie Phillips,Mining engineer,employee
297,Savannah Lambert,Information officer,employee
298,Kristy Clark,Outdoor activities/education manager,employee
299,Sherri Martin,Data processing manager,employee
300,Julia Rice,Comptroller,employee
301,Laura Jones,International aid/development worker,employee
302,Antonio Johnson,Field trials officer,employee
303,James Christensen,Police officer,employee
304,Kelly Taylor,IT sales professional,employee
305,Kevin George,Government social research officer,employee
306,Jennifer Greene,Materials engineer,employee
307,Michael Odom,Publishing copy,employee
308,Natasha Gonzalez,Garment/textile technologist,employee
309,Mr. Anthony Mcmahon,"Civil engineer, consulting",employee
310,Denise Sanders,Applications developer,employee
311,Todd Williams,Intelligence analyst,employee
312,Joseph Ruiz,Furniture conservator/restorer,employee
313,Tracy Richard,Archaeologist,employee
314,Patricia Hansen,Secondary school teacher,employee
315,Erin Smith,Bonds trader,employee
316,Justin Willis,"Scientist, research (life sciences)",employee
317,Stefanie Anderson,Film/video editor,employee
318,John Cook,Glass blower/designer,employee
319,Karen King,Careers information officer,employee
320,Amber Wilcox,Community development worker,employee
321,Andrew Smith,Tax inspector,employee
322,Nicholas Lewis,Printmaker,employee
323,Mary Hampton,"Designer, multimedia",employee
324,Melissa Holder,Illustrator,employee
325,Jennifer Roberts,"Conservator, museum/gallery",employee
326,Colin Coleman,International aid/development worker,employee
327,Laura Mccarty,"Merchandiser, retail",employee
328,Justin Davis,"Presenter, broadcasting",employee
329,Donna Gordon,Occupational hygienist,employee
330,Steven Smith,Software engineer,employee
331,Timothy Harper,Veterinary surgeon,employee
332,Miranda Taylor,"Engineer, petroleum",employee
333,April Neal,Theatre stage manager,employee
334,Robert Patrick,Purchasing manager,employee
335,Erin Bryant,Minerals surveyor,employee
336,Jeanne Smith,Hydrographic surveyor,employee
337,Beth Spears,Catering manager,employee
338,Emily Cooper,Early years teacher,employee
339,Megan Fuller,Hotel manager,employee
340,Ashley Miles,Research scientist (medical),employee
341,Amanda Romero,Freight forwarder,employee
342,Dylan Espinoza PhD,Lexicographer,employee
343,Stanley Williams,"Scientist, physiological",employee
344,Jasmine Smith,"Chemist, analytical",employee
345,Lacey Richardson,Biomedical scientist,employee
346,Charles Sanders,Management consultant,employee
347,Dustin Reyes,Engineering geologist,employee
348,Kenneth Wright,Armed forces technical officer,employee
349,John Hammond,Police officer,employee
350,Barbara Hall,"Psychotherapist, dance movement",employee
351,Lisa Farmer,"Therapist, speech and language",employee
352,Cynthia Sullivan,Museum education officer,employee
353,Nicole Lamb,Engineering geologist,employee
354,Nicole Miller,Engineering geologist,employee
355,Crystal Gonzalez,"Engineer, maintenance (IT)",employee
356,Ronald Jackson,"Accountant, chartered management",employee
357,Laura Bailey,Associate Professor,employee
358,David Tran,"Engineer, automotive",employee
359,Michelle Simmons,Art gallery manager,employee
360,Eric Castro,Education administrator,employee
361,Robert Lyons,Product manager,employee
362,Regina Davis,Comptroller,employee
363,Melissa Clayton,Charity fundraiser,employee
364,Amanda Buchanan,Personnel officer,employee
365,Maria Livingston,Tax inspector,employee
366,Jeffrey Edwards,Media buyer,employee
367,Don Baker,"Therapist, horticultural",employee
368,Catherine Sparks,Call centre manager,employee
369,Bethany Riley,Sales executive,employee
370,Charles Watkins,Technical author,employee
371,Paul Smith,Metallurgist,employee
372,Tiffany Lam,Warehouse manager,employee
373,Michelle Lee,Animal nutritionist,employee
374,Heather Rodriguez,Planning and development surveyor,employee
375,Jason Brewer,Associate Professor,employee
376,Benjamin Gallagher,Cabin crew,employee
377,Paula Bolton,"Lighting technician, broadcasting/film/video",employee
378,Melissa Diaz,IT sales professional,employee
379,Anna Webster,Trade mark attorney,employee
380,Amy Brown,Conference centre manager,employee
381,Sarah Hansen,Photographer,employee
382,Matthew Miller,"Buyer, retail",employee
383,Brandon Martin,Make,employee
384,Daniel Nichols,Health physicist,employee
385,Nicholas Hernandez,"Designer, textile",employee
386,Elizabeth Obrien,"Surveyor, insurance",employee
387,Steven Reyes,Visual merchandiser,employee
388,Tiffany Ramirez,Local government officer,employee
389,Thomas Morgan,Planning and development surveyor,employee
390,James Lewis,Metallurgist,employee
391,Traci Adams,Estate manager/land agent,employee
392,Eric Hull,Location manager,employee
393,Thomas Medina,Radiation protection practitioner,employee
394,Kyle Grant,Textile designer,employee
395,William Davidson,Industrial/product designer,employee
396,Jeffrey Robinson,Proofreader,employee
397,Tara Palmer,"Lighting technician, broadcasting/film/video",employee
398,Patricia Henderson,Media buyer,employee
399,Glen Shepard,Insurance claims handler,employee
400,Tina Hill,Clinical embryologist,employee
401,Shelley Miller,"Research officer, trade union",employee
402,Mrs. Elizabeth Vincent DVM,Microbiologist,employee
403,Jimmy Dennis,Adult nurse,employee
404,Karen Garcia,Database administrator,employee
405,Nathaniel King,Film/video editor,employee
406,David Becker,"Programme researcher, broadcasting/film/video",employee
407,Christina Wilson,Television production assistant,employee
408,Matthew Robinson,Tree surgeon,employee
409,Gary Sloan,Building control surveyor,employee
410,John Alvarez,"Pilot, airline",employee
411,Nicholas Carter,Occupational hygienist,employee
412,Alicia Wallace,Sports development officer,employee
413,Anthony Thomas,Colour technologist,employee
414,Steven Brown,"Research officer, trade union",employee
415,Thomas Powers,Medical secretary,employee
416,David Mills,Oceanographer,employee
417,Joseph Mason,Press photographer,employee
418,Amy Gardner,"Surveyor, rural practice",employee
419,Jose Estrada,"Editor, film/video",employee
420,Christopher Walters,Animal technologist,employee
421,Elizabeth Perry,Marine scientist,employee
422,Carolyn Johnson,Consulting civil engineer,employee
423,Stephen Simmons,"Engineer, mining",employee
424,Michael Floyd,Theatre director,employee
425,Ashley Kelly,Press photographer,employee
426,Michael Gallagher,Administrator,employee
427,Christina Dunlap,Volunteer coordinator,employee
428,Roy Lee,Fitness centre manager,employee
429,Mr. William Gentry,"Physicist, medical",employee
430,Corey Bush,Optometrist,employee
431,Heather Taylor,Clinical cytogeneticist,employee
432,Matthew Evans,Accommodation manager,employee
433,Michelle Hickman,Software engineer,employee
434,Jaime Peterson,Television/film/video producer,employee
435,Julian Norris,"Administrator, local government",employee
436,Ronald Williams,Clinical research associate,employee
437,Andrew Walter,Museum/gallery conservator,employee
438,Sherri Garcia,Merchant navy officer,employee
439,Sharon Moss,Energy engineer,employee
440,Jessica Hawkins,"Lighting technician, broadcasting/film/video",employee
441,Bob Young,Animator,employee
442,David Hodges,"Physicist, medical",employee
443,Timothy Rodriguez,Copy,employee
444,Michael Burnett,Further education lecturer,employee
445,Megan Harris,Phytotherapist,employee
446,Traci Barr,Product designer,employee
447,Cristina Wright,"Programmer, systems",employee
448,Steven Davis,Magazine journalist,employee
449,Tyler Rodriguez,Fitness centre manager,employee
450,Chelsey Elliott,Adult guidance worker,employee
451,Elizabeth Smith,Prison officer,employee
452,Vanessa Hunt,Museum/gallery conservator,employee
453,Jennifer Torres,"Teacher, early years/pre",employee
454,Michael Craig,Energy manager,employee
455,Jennifer Reeves,"Therapist, speech and language",employee
456,Teresa Blackwell,Midwife,employee
457,Carmen Haney,Glass blower/designer,employee
458,Lauren Jones,Personal assistant,employee
459,Matthew Ellis,Television production assistant,employee
460,Anthony Taylor,Financial manager,employee
461,Patricia Cunningham,Environmental education officer,employee
462,Ian Rivas,Nutritional therapist,employee
463,James Bennett,Contractor,employee
464,Tracy Williams,Early years teacher,employee
465,Rachael Taylor,Industrial buyer,employee
466,Dr. Courtney Dunn DVM,Diagnostic radiographer,employee
467,Donna Johnson,Adult nurse,employee
468,Spencer Lee,Chief Technology Officer,employee
469,Joseph Rodriguez,Public affairs consultant,employee
470,Jonathon Dixon,Child psychotherapist,employee
471,Yvonne Clark,Television floor manager,employee
472,Daniel Montoya,"Librarian, academic",employee
473,Terry Wilkins,Charity fundraiser,employee
474,Keith Pierce,Teaching laboratory technician,employee
475,Deborah Alexander,International aid/development worker,employee
476,Yvette Turner,Fitness centre manager,employee
477,Erin Delgado,Medical illustrator,employee
478,Sarah Curry,"Psychologist, clinical",employee
479,Rachel Hernandez,Video editor,employee
480,David Brown,Television camera operator,employee
481,Nicholas Mitchell,"Pharmacist, community",employee
482,Crystal Yang,"Conservation officer, nature",employee
483,Arthur Smith,Clothing/textile technologist,employee
484,Gary Goodman,Operational researcher,employee
485,Christopher Cobb,"Engineer, maintenance (IT)",employee
486,Brittany Jimenez,"Psychologist, counselling",employee
487,Richard Wilson,Operations geologist,employee
488,William Dixon,Commercial/residential surveyor,employee
489,Brian Smith,Haematologist,employee
490,Kristen Lopez,Early years teacher,employee
491,Kathryn Flores,Land/geomatics surveyor,employee
492,Gabriel Baker,"Therapist, speech and language",employee
493,Douglas Taylor,Manufacturing systems engineer,employee
494,Brandon Thornton,Production manager,employee
495,Sydney Walker,"Therapist, speech and language",employee
496,Matthew Thompson,Immigration officer,employee
497,John Moore,Training and development officer,employee
498,Lisa Terry,"Therapist, horticultural",employee
499,Juan Harris,"Surveyor, quantity",employee
500,Pamela Norris,"Designer, jewellery",employee
501,Jennifer Clay,Field trials officer,employee
502,Leonard Peck,Technical brewer,employee
503,Charles Hernandez,Food technologist,employee
504,Kevin Wells,Music therapist,employee
505,Tyler Williams,Fitness centre manager,employee
506,Devon Arnold,"Nurse, children's",employee
507,Jeffrey Bates,Press sub,employee
508,Elizabeth Cowan,"Accountant, chartered certified",employee
509,Bryan Brewer,Operational researcher,employee
510,Samantha Cox,"Presenter, broadcasting",employee
511,Alexander Carter,Waste management officer,employee
512,Jennifer Crosby,Geochemist,employee
513,Eric Lee DDS,"Scientist, biomedical",employee
514,Tyler Clay,Chartered legal executive (England and Wales),employee
515,Brandy Werner,Herpetologist,employee
516,Kelly Parks,Field seismologist,employee
517,Linda Butler,Equities trader,employee
518,Catherine Cruz,"Pilot, airline",employee
519,Sabrina Rodriguez,Lexicographer,employee
520,Melissa Rodriguez,Higher education lecturer,employee
521,George Douglas,Insurance broker,employee
522,Stephanie Watts,"Designer, textile",employee
523,Hannah Tucker,Interior and spatial designer,employee
524,James Carroll,"Psychotherapist, child",employee
525,Connie Torres,Automotive engineer,employee
526,Patrick Carey,"Engineer, broadcasting (operations)",employee
527,Lindsey Williams,Midwife,employee
528,Sean Crawford,Trade mark attorney,employee
529,Douglas Norton,Production manager,employee
530,Morgan Howe,Financial planner,employee
531,Marcus White,Contracting civil engineer,employee
532,Amanda Mitchell,"Engineer, technical sales",employee
533,Dr. Lisa Wood,"Production assistant, television",employee
534,Timothy Parker,Risk analyst,employee
535,Christina Davis,Chief Financial Officer,employee
536,Nathan Haynes,Maintenance engineer,employee
537,Brandon Jones Jr.,Mental health nurse,employee
538,Keith Brandt,"Nurse, adult",employee
539,Caitlin Glass,Forest/woodland manager,employee
540,Joshua Lucas,Ship broker,employee
541,Amy Ponce,Tree surgeon,employee
542,Brandi Smith,Naval architect,employee
543,Joshua Campbell,Youth worker,employee
544,Guy Flynn,"Designer, textile",employee
545,Mark Valdez,Retail buyer,employee
546,Joshua Johnson,"Engineer, technical sales",employee
547,Craig Sanders,Chemical engineer,employee
548,Chelsea Roach,"Conservator, furniture",employee
549,Robin Mcdaniel,Database administrator,employee
550,Wanda Sanchez,Naval architect,employee
551,Kimberly Wood,Media buyer,employee
552,Wendy Hopkins,Herbalist,employee
553,Suzanne Burton,Secondary school teacher,employee
554,Julie Thompson,"Scientist, water quality",employee
555,Alicia Mason,Equities trader,employee
556,Jeremy Bartlett,Television/film/video producer,employee
557,Elizabeth Pittman,Farm manager,employee
558,Daniel Rasmussen,Mechanical engineer,employee
559,Veronica Ramirez,Restaurant manager,employee
560,Mr. Kevin Olson,Tourism officer,employee
561,James Bridges,Microbiologist,employee
562,Angela Wright,Bookseller,employee
563,Jennifer Trujillo,Curator,employee
564,Haley Steele,"Doctor, general practice",employee
565,David Harris,Musician,employee
566,Dr. Kenneth Day,Public house manager,employee
567,Leah Walker,"Merchandiser, retail",employee
568,Michelle Wilson,Learning disability nurse,employee
569,Jeffrey Santana,"Pharmacist, community",employee
570,Christopher Allen,Recruitment consultant,employee
571,Bianca Frazier MD,Production manager,employee
572,Patricia Brewer,"Surveyor, rural practice",employee
573,Kevin Velazquez,Prison officer,employee
574,Kimberly Cain,Dealer,employee
575,Briana Young,Secondary school teacher,employee
576,Matthew Martinez,Tourist information centre manager,employee
577,Justin Anderson,Medical technical officer,employee
578,Michael Maldonado,Radio producer,employee
579,Debra Rodriguez,Advice worker,employee
580,Jimmy Murray,"Social research officer, government",employee
581,Tyler Edwards,"Clinical scientist, histocompatibility and immunogenetics",employee
582,Travis Gomez,Fitness centre manager,employee
583,Edward Nguyen,"Sales professional, IT",employee
584,Amy Smith,Gaffer,employee
585,Jessica Munoz,"Engineer, maintenance (IT)",employee
586,Curtis Jones,"Engineer, chemical",employee
587,Teresa Henderson,"Horticulturist, amenity",employee
588,Jessica Lawrence,"Accountant, chartered",employee
589,Sheri Diaz,Pension scheme manager,employee
590,Jacob Singh,Waste management officer,employee
591,Alexandra Thomas,Oceanographer,employee
592,Desiree Beck,"Psychologist, clinical",employee
593,Edward David,Race relations officer,employee
594,Jennifer Mccall,Accounting technician,employee
595,Danielle Lopez,Ophthalmologist,employee
596,Todd King,Proofreader,employee
597,Nicole Roberts,Recruitment consultant,employee
598,Yvonne Blair,Firefighter,employee
599,Robert Campbell,Landscape architect,employee
600,Paul Ross,Legal executive,employee
601,Lance Smith,"Producer, radio",employee
602,Michael Mendez,Patent examiner,employee
603,Rebecca Patton,"Librarian, public",employee
604,Justin Rodriguez,"Designer, ceramics/pottery",employee
605,Alexander Brown,"Production assistant, radio",employee
606,Brittany Shaffer,"Conservation officer, nature",employee
607,Rebecca Solis,"Engineer, land",employee
608,Natasha Potter,Public librarian,employee
609,Richard Bishop,"Education officer, museum",employee
610,Paul Garcia,Heritage manager,employee
611,Joshua Mueller,"Editor, magazine features",employee
612,Roy Brennan,Proofreader,employee
613,Gina Evans,Acupuncturist,employee
614,Erica Kelly,"Scientist, water quality",employee
615,Sydney Waters,Equities trader,employee
616,Lisa Travis,"Pilot, airline",employee
617,Monica Freeman,Camera operator,employee
618,Haley Baker,Food technologist,employee
619,Derrick Smith,Radio broadcast assistant,employee
620,Patrick Hall,Civil Service administrator,employee
621,Kristie Willis,Historic buildings inspector/conservation officer,employee
622,James Perry,IT trainer,employee
623,Danielle Fuller,Chief Financial Officer,employee
624,Joseph Curtis,Warden/ranger,employee
625,Jeffery Young,Recycling officer,employee
626,Theresa Foley,Civil Service administrator,employee
627,Jessica Vargas,Media planner,employee
628,Aaron Carpenter,"Geologist, wellsite",employee
629,Dawn Dixon,Veterinary surgeon,employee
630,James Sutton,"Psychotherapist, dance movement",employee
631,Megan Sheppard,Youth worker,employee
632,David Velasquez,"Loss adjuster, chartered",employee
633,William Kramer,Magazine features editor,employee
634,Jo Cummings,Social worker,employee
635,Caitlin Salas,Learning mentor,employee
636,Nathan Lopez,Risk manager,employee
637,Michael Banks,"Designer, multimedia",employee
638,Courtney Larsen,"Engineer, production",employee
639,Stacey Cordova DDS,Air broker,employee
640,Tonya Martinez,Local government officer,employee
641,Cynthia Jensen,Building surveyor,employee
642,Stephen Jackson,Regulatory affairs officer,employee
643,Sherry Rogers,Race relations officer,employee
644,Zachary Hood,"Surveyor, commercial/residential",employee
645,Curtis Lopez,Medical sales representative,employee
646,Michael Morris,Social researcher,employee
647,Zachary Marshall,"Clinical scientist, histocompatibility and immunogenetics",employee
648,Larry Hicks,Outdoor activities/education manager,employee
649,Patrick Peterson,Event organiser,employee
650,Melissa Leon,Manufacturing systems engineer,employee
651,Brian Henry,"Therapist, sports",employee
652,Jennifer Wolf MD,"Teacher, special educational needs",employee
653,Nathan Perez,"Engineer, production",employee
654,Brandon Hardy,Commissioning editor,employee
655,William Ross,Dispensing optician,employee
656,Jennifer Gonzalez,Pharmacologist,employee
657,Jeremy Ray,Environmental consultant,employee
658,Stefanie Rice,Management consultant,employee
659,Troy Huerta,"Doctor, general practice",employee
660,Robin Williams,Cytogeneticist,employee
661,Kevin George,Actor,employee
662,Denise Simmons,Ophthalmologist,employee
663,Mary Farmer,Insurance account manager,employee
664,Donald Sandoval,"Embryologist, clinical",employee
665,Troy Moore,"Designer, fashion/clothing",employee
666,Shawn Collins,Architect,employee
667,Michael Johnson,Oncologist,employee
668,Mary Brooks,Media buyer,employee
669,Patricia Jackson,Occupational psychologist,employee
670,Amy Houston,Health physicist,employee
671,Mrs. Melissa Graham,Broadcast journalist,employee
672,Kimberly Jones,Senior tax professional/tax inspector,employee
673,Joseph Potter,"Lecturer, further education",employee
674,Laura King,"Psychologist, forensic",employee
675,William Cooper,Chartered management accountant,employee
676,Tiffany Hunt,Museum/gallery exhibitions officer,employee
677,Jonathan Cowan,"Engineer, site",employee
678,Kenneth Gregory,"Engineer, biomedical",employee
679,Jason Stone,Local government officer,employee
680,Lawrence Pruitt,Publishing rights manager,employee
681,Justin Wilson,IT sales professional,employee
682,Lisa Fields,Petroleum engineer,employee
683,Kathleen Murray,Museum/gallery conservator,employee
684,Heather Aguilar,"Engineer, building services",employee
685,Ana Myers,Chartered accountant,employee
686,Christine Ramirez,Television/film/video producer,employee
687,Ashley Coleman,"Scientist, physiological",employee
688,Sean Boyer,Broadcast engineer,employee
689,Judith Myers,"Programmer, systems",employee
690,Scott Thompson,Industrial buyer,employee
691,Jeffrey Harris,Psychotherapist,employee
692,Megan Chandler,"Education officer, community",employee
693,Andrew Campos,Biomedical engineer,employee
694,Lauren Brown,"Optician, dispensing",employee
695,William Goodwin,Early years teacher,employee
696,Melissa Smith,Media buyer,employee
697,Adam Williams,Printmaker,employee
698,Michael Jones,Furniture designer,employee
699,Victoria Jones,"Surveyor, mining",employee
700,Caitlyn Huerta,"Journalist, broadcasting",employee
701,Patrick Murray,"Surveyor, hydrographic",employee
702,Robert Buck,Location manager,employee
703,Daniel Castillo,Sports therapist,employee
704,Mary Carpenter,Manufacturing systems engineer,employee
705,Vicki Martin,Academic librarian,employee
706,Krystal Bryant,Neurosurgeon,employee
707,Patricia Strong,Research scientist (physical sciences),employee
708,Timothy Larson,Politician's assistant,employee
709,Kevin Howe Jr.,Retail banker,employee
710,Jesus Rocha,Seismic interpreter,employee
711,Joshua Andrews,Technical brewer,employee
712,Grant Johnson,"Sound technician, broadcasting/film/video",employee
713,Darrell Stewart,Museum/gallery conservator,employee
714,Laura Martinez,Land,employee
715,Tara Evans,"Engineer, civil (consulting)",employee
716,Maria Arnold,"Teacher, English as a foreign language",employee
717,Jerry Hill,"Sound technician, broadcasting/film/video",employee
718,Megan Holloway,Associate Professor,employee
719,Ann Campos,Comptroller,employee
720,Robert Peterson,"Geologist, engineering",employee
721,Melissa Mcpherson,"Teacher, English as a foreign language",employee
722,Robert Davis,"Editor, film/video",employee
723,Cindy Anderson,"Merchandiser, retail",employee
724,Elizabeth Fleming,Communications engineer,employee
725,Jenna Taylor,Energy manager,employee
726,Eric Osborne,Estate agent,employee
727,Caitlin Fisher,"Pharmacist, community",employee
728,John Reynolds,"Programmer, applications",employee
729,Charles Khan,Animal technologist,employee
730,Sara Zimmerman,Chartered certified accountant,employee
731,Michele Rios,Orthoptist,employee
732,Jon Tate,Dentist,employee
733,Gabrielle Chung,Dealer,employee
734,Lawrence Parker,Diagnostic radiographer,employee
735,Christopher Davis,Research scientist (medical),employee
736,Samantha Rowland,Press photographer,employee
737,Ryan Richardson,"Designer, fashion/clothing",employee
738,Heather Molina DVM,"Programme researcher, broadcasting/film/video",employee
739,Sarah Carney,Planning and development surveyor,employee
740,Jeffrey Carpenter,Film/video editor,employee
741,Shawn Donaldson DDS,Transport planner,employee
742,Dylan Miles,"Geneticist, molecular",employee
743,Alice Trujillo,"Designer, jewellery",employee
744,James Price,Trade mark attorney,employee
745,David Pham,Architectural technologist,employee
746,Alexander Hernandez,"Administrator, local government",employee
747,Jesus Adams,Advertising copywriter,employee
748,Robert Hardin,Diagnostic radiographer,employee
749,Briana Ashley,Health promotion specialist,employee
750,Dylan Mendez,Market researcher,employee
751,Miranda Wolf,Arts administrator,employee
752,Patrick Lee,"Psychotherapist, dance movement",employee
753,Lisa Smith,"Psychologist, counselling",employee
754,Jonathan Woods,"Surveyor, planning and development",employee
755,Linda Hoffman,Dancer,employee
756,Keith Smith,Set designer,employee
757,Adam Calhoun,"Programme researcher, broadcasting/film/video",employee
758,Philip Lopez,Homeopath,employee
759,Donald Parker,Medical physicist,employee
760,Kurt Hensley,Graphic designer,employee
761,Mark Sanchez,Broadcast engineer,employee
762,Donald Schneider,"Surveyor, land/geomatics",employee
763,David Hodges,Editorial assistant,employee
764,Edward Monroe PhD,"Social research officer, government",employee
765,Maria Gonzalez,Games developer,employee
766,Samuel Schwartz,"Conservation officer, nature",employee
767,Susan Torres,"Conservator, furniture",employee
768,Sheila Hicks DDS,Gaffer,employee
769,David Williams,Trade mark attorney,employee
770,Cynthia Butler,"Teacher, early years/pre",employee
771,Robert Lynch,"Journalist, newspaper",employee
772,Julie Ayala,"Horticulturist, amenity",employee
773,Mark Ingram,Comptroller,employee
774,Allison Walker,"Journalist, newspaper",employee
775,Mr. David Lee,"Development worker, community",employee
776,Nicholas Lester,Chartered management accountant,employee
777,Chris Kelly,"Designer, industrial/product",employee
778,Gabrielle Hogan,Media buyer,employee
779,Laurie Contreras,Physiological scientist,employee
780,Kristin Fox,Early years teacher,employee
781,Christopher Martin,"Radiographer, therapeutic",employee
782,Thomas West,"Psychotherapist, dance movement",employee
783,Heather Christensen,"Physicist, medical",employee
784,Alex Rogers,Photographer,employee
785,Brian Moran,Adult guidance worker,employee
786,Christine Torres,"Administrator, education",employee
787,Gregory Williams,Production engineer,employee
788,Gregory Cummings,Financial trader,employee
789,Lindsay Long,Technical sales engineer,employee
790,Kristen Adams,"Civil engineer, consulting",employee
791,Steven Nguyen,Insurance claims handler,employee
792,Whitney Russell,International aid/development worker,employee
793,Darren Smith,Photographer,employee
794,Sharon Cole,Community education officer,employee
795,Mr. Erik Glass,Water engineer,employee
796,Heather Gardner,Warden/ranger,employee
797,Omar Scott,Chemical engineer,employee
798,Kimberly Mcknight,"Education officer, community",employee
799,Margaret Flores,"Engineer, aeronautical",employee
800,Shannon Gutierrez,"Optician, dispensing",employee
801,Whitney Mendez,Museum/gallery exhibitions officer,employee
802,Annette Sanders,Community education officer,employee
803,Carrie Underwood,Probation officer,employee
804,Brandon Fisher,Colour technologist,employee
805,Steven Patterson,"Engineer, mining",employee
806,Jessica Jackson,"Psychologist, occupational",employee
807,Dawn Potts,Fashion designer,employee
808,Mariah Soto,Fashion designer,employee
809,Rachel Matthews,"Teacher, music",employee
810,Nicole Brooks,General practice doctor,employee
811,Kelly Gilbert,"Accountant, chartered management",employee
812,Kevin West,Solicitor,employee
813,Maureen Bates,Systems developer,employee
814,Samantha Pope,Television/film/video producer,employee
815,Henry Robinson,Technical sales engineer,employee
816,Donald Nolan,Customer service manager,employee
817,Sherri Gould,Fine artist,employee
818,Amy Andrews,Secretary/administrator,employee
819,David Gray,Fashion designer,employee
820,Richard Mason,"Teacher, primary school",employee
821,Diane Robinson,"Clinical scientist, histocompatibility and immunogenetics",employee
822,Jeffrey Allen,"Programmer, applications",employee
823,Teresa Kim,Associate Professor,employee
824,Joseph Bishop,"Designer, blown glass/stained glass",employee
825,Beverly Kerr,"Engineer, civil (consulting)",employee
826,Stephanie Mcgee,"Civil engineer, contracting",employee
827,Thomas Parsons,Gaffer,employee
828,Cameron Thomas,Energy manager,employee
829,Jennifer Green,"Engineer, site",employee
830,Samuel Ramirez,"Production assistant, radio",employee
831,Mary Perkins,Forensic psychologist,employee
832,Paul Mcdonald,Community development worker,employee
833,Casey Collins,Writer,employee
834,Levi Thomas,Quantity surveyor,employee
835,Ryan Cox,Data scientist,employee
836,Ryan Taylor,Curator,employee
837,Jason Lynch,Management consultant,employee
838,Melissa Hunter,Advice worker,employee
839,Lori Norris,"Embryologist, clinical",employee
840,Regina Nunez,"Research officer, trade union",employee
841,Barry Lee,Clinical cytogeneticist,employee
842,Jeffery Taylor,Insurance broker,employee
843,Michelle Benson,Radio broadcast assistant,employee
844,Kelly Ryan,Publishing rights manager,employee
845,Frank Villanueva,"Engineer, maintenance",employee
846,Daniel Boyd,Microbiologist,employee
847,Keith Jones,Higher education careers adviser,employee
848,Erica York,Environmental consultant,employee
849,David Klein,Exercise physiologist,employee
850,Joseph Sampson,Orthoptist,employee
851,Shannon Olson,Clothing/textile technologist,employee
852,Cynthia Bray,Management consultant,employee
853,Jessica Simon,Health and safety adviser,employee
854,Andrew Obrien,"Geologist, wellsite",employee
855,Anne Welch,Horticultural therapist,employee
856,Tracy Romero,Insurance risk surveyor,employee
857,Karen Lopez,Make,employee
858,Jacqueline Wilcox,Land/geomatics surveyor,employee
859,George Bailey,Network engineer,employee
860,Larry Lamb,Industrial/product designer,employee
861,Debra Smith,Physiological scientist,employee
862,Kurt Reynolds,"Nurse, children's",employee
863,Heather Patton,"Secretary, company",employee
864,Richard Gonzales,Copy,employee
865,Kevin Gilmore Jr.,"Accountant, chartered management",employee
866,Shannon Tran,"Engineer, site",employee
867,Courtney Parker,"Scientist, water quality",employee
868,Mary Scott,"Surveyor, insurance",employee
869,Stephen Davis,Trade union research officer,employee
870,Crystal Perez,Communications engineer,employee
871,Charles Stout,Metallurgist,employee
872,Richard Parker,Dancer,employee
873,Robert Beck,Marketing executive,employee
874,Robert Klein,Facilities manager,employee
875,Kimberly Hartman,Web designer,employee
876,Timothy Hughes,Media buyer,employee
877,Julia Oneal,"Loss adjuster, chartered",employee
878,Kimberly Gonzalez,Education administrator,employee
879,Brandon Jenkins,Museum/gallery curator,employee
880,Sara Butler,Cabin crew,employee
881,Jacqueline Roach,"Buyer, industrial",employee
882,Colleen Cruz,Water engineer,employee
883,Janet Simpson,"Engineer, agricultural",employee
884,Cody Robertson,Archivist,employee
885,Jeanne Marquez,Research scientist (medical),employee
886,Thomas Christian,Private music teacher,employee
887,Rebecca Joseph,Company secretary,employee
888,Tanya Terrell,Ambulance person,employee
889,Frank Griffin,Freight forwarder,employee
890,Ryan Austin,Automotive engineer,employee
891,Rebekah Gilmore,Civil Service fast streamer,employee
892,Jennifer Smith,Location manager,employee
893,Brenda Patrick,Games developer,employee
894,Kathryn Gregory,Accommodation manager,employee
895,Danielle Boone,Electrical engineer,employee
896,David Pineda,"Designer, textile",employee
897,Edward Quinn,Audiological scientist,employee
898,Debbie Conley,Armed forces training and education officer,employee
899,Shari Chan,Multimedia specialist,employee
900,Alexandria Aguirre,Analytical chemist,employee
901,Raymond Suarez,"Engineer, maintenance",employee
902,Adrian Keller,Garment/textile technologist,employee
903,Tracy Colon,Warden/ranger,employee
904,Michael Davis,Banker,employee
905,Alexander Bennett,Advertising copywriter,employee
906,Keith Mathis,Licensed conveyancer,employee
907,Ralph Wallace,Medical laboratory scientific officer,employee
908,Victoria Brown,"Engineer, mining",employee
909,Natasha Mitchell,Scientific laboratory technician,employee
910,Tricia Kerr,"Programme researcher, broadcasting/film/video",employee
911,Benjamin Alvarado,Charity officer,employee
912,Curtis Martinez,Insurance claims handler,employee
913,Kimberly Smith,Chief Operating Officer,employee
914,Michael King,"Administrator, sports",employee
915,Jacob Anderson Jr.,"Horticulturist, amenity",employee
916,Mrs. Kathleen Beard,Psychiatrist,employee
917,Jasmine Duffy,"Scientist, biomedical",employee
918,Donna Ortiz,"Psychologist, forensic",employee
919,Phillip Henderson,Artist,employee
920,Heather Green,"Accountant, chartered certified",employee
921,Wesley Marquez,"Programme researcher, broadcasting/film/video",employee
922,Raymond Patton,Sports coach,employee
923,Jake Potter,Secretary/administrator,employee
924,Jason Larson,Museum/gallery exhibitions officer,employee
925,Janet Clark,Physiological scientist,employee
926,Lauren Kennedy,"Administrator, local government",employee
927,Joseph French,Horticultural consultant,employee
928,Chris Miranda,"Designer, exhibition/display",employee
929,Angela Sullivan,Furniture conservator/restorer,employee
930,Arthur Elliott,"Engineer, civil (consulting)",employee
931,Matthew Pena,"Doctor, general practice",employee
932,Courtney Williams,Charity fundraiser,employee
933,Christopher Schmidt,Theme park manager,employee
934,Lawrence Wise,Financial trader,employee
935,Sharon King,Multimedia specialist,employee
936,Darren Torres,Pathologist,employee
937,Dr. Robert Simmons,Phytotherapist,employee
938,William Webb,Astronomer,employee
939,Deborah Perkins,Insurance risk surveyor,employee
940,Mrs. Raven Yu,Diplomatic Services operational officer,employee
941,Jordan Lam,Higher education lecturer,employee
942,Kathy Bell,Ranger/warden,employee
943,Susan Moore,Garment/textile technologist,employee
944,Kathy Garcia,Occupational therapist,employee
945,Tiffany Davis,Sales promotion account executive,employee
946,Jacob York,Associate Professor,employee
947,Kayla Jenkins,Bonds trader,employee
948,Mariah Flores,Chief Executive Officer,employee
949,Amy Melton,Housing manager/officer,employee
950,Jonathan Sandoval,Automotive engineer,employee
951,Sandra Lopez,Games developer,employee
952,Jonathan Levy,Best boy,employee
953,Christine Moore,Solicitor,employee
954,Evan Schmitt,"Development worker, community",employee
955,Mrs. Diane Phillips,"Surveyor, building control",employee
956,Daniel Guerrero,Occupational psychologist,employee
957,Mr. Jason Morton,Insurance underwriter,employee
958,Jeremy Collins,Neurosurgeon,employee
959,Mr. Jason Holland,Industrial buyer,employee
960,Sean Cantu,Immunologist,employee
961,Gregory Martin,Tourist information centre manager,employee
962,Roy Allen,Metallurgist,employee
963,Faith Wilkinson,Water quality scientist,employee
964,Mrs. Angela Nguyen,"Surveyor, rural practice",employee
965,Phillip Price,Careers information officer,employee
966,Frederick Patel,Fitness centre manager,employee
967,Amanda Terrell,Chiropractor,employee
968,Kyle Gilbert,"Administrator, sports",employee
969,Timothy Shaw,"Surveyor, commercial/residential",employee
970,Jason Melton,Insurance underwriter,employee
971,Terri Anderson,Magazine journalist,employee
972,Scott Sheppard,"Doctor, hospital",employee
973,Sonya White,Fine artist,employee
974,Joshua Garcia,"Engineer, biomedical",employee
975,Joel Thomas,Therapeutic radiographer,employee
976,Eddie Thomas,"Runner, broadcasting/film/video",employee
977,Amy Valenzuela,Contracting civil engineer,employee
978,Jessica Scott,Emergency planning/management officer,employee
979,Jose Schneider,Music tutor,employee
980,Morgan Cox,Environmental education officer,employee
981,Mark Cobb MD,Architectural technologist,employee
982,Nicole Bray,Set designer,employee
983,Anthony Smith,Psychotherapist,employee
984,Laurie Chapman,"Engineer, automotive",employee
985,Ashley Hartman,Personal assistant,employee
986,Kevin Miller,Health and safety adviser,employee
987,Amy Harding,Risk analyst,employee
988,Alexandria Cooper,"Doctor, hospital",employee
989,Patrick Esparza,Best boy,employee
990,Jaclyn Baker DDS,Health and safety adviser,employee
991,Tyler Mccarthy,Actuary,employee
992,Ricky Moon,"Solicitor, Scotland",employee
993,Marcus Johnson,Microbiologist,employee
994,Jimmy Clements,"Designer, ceramics/pottery",employee
995,John Gonzales,"Psychologist, occupational",employee
996,Randy Griffith,Stage manager,employee
997,Teresa Dickson,Charity officer,employee
998,Micheal Jarvis,Insurance claims handler,employee
999,Charles Hughes,"Administrator, arts",employee
1000,Valerie Nelson,Music therapist,employee
1001,SARAN,Network Engineer,admin
1002,VIJAY R,Data Engineer,employee
