Course Title,Average Rating
Customer Service Excellence,80.4000000000000000
Unsupervised Learning,79.0000000000000000
Closing Sales Strategies,79.2941176470588235
Google Ads Fundamentals,78.7272727272727273
Hardware Repair Skills,78.7500000000000000
Multiplayer Game Development,78.8536585365853659
MongoDB,80.4583333333333333
Wireframing and Prototyping,78.6750000000000000
Deployment & Hosting,79.3750000000000000
Understanding Financial Markets,81.8750000000000000
Containerization with Docker,80.6037735849056604
Version Control with Git,79.0909090909090909
Microservices in Cloud,79.5428571428571429
Mobile App Design,79.8297872340425532
Cloud Support Fundamentals,79.7586206896551724
Personal Finance Skills,80.7741935483870968
Analytics for Marketers,80.4411764705882353
User Research Techniques,79.5555555555555556
Introduction to IT Support,79.5526315789473684
Negotiation Techniques,80.1428571428571429
Troubleshooting Techniques,80.9736842105263158
Usability Testing,81.9722222222222222
Change Management Strategies,79.7500000000000000
Configuration Management with Ansible,81.1632653061224490
Risk Analysis and Management,80.5000000000000000
SWOT Analysis for Business,80.5000000000000000
Monitoring and Logging,80.2093023255813953
Ethereum Development,80.9722222222222222
Business Process Modeling,79.7500000000000000
Requirements Gathering Techniques,80.1875000000000000
SEO Best Practices,80.0769230769230769
Backend Development Fundamentals,79.9772727272727273
Collaboration Tools in DevOps,79.9487179487179487
Investing Fundamentals,79.6571428571428571
Cross-Platform Development with Flutter,79.8055555555555556
API Integration in Mobile Apps,80.5526315789473684
Diversity and Inclusion Initiatives,79.7567567567567568
Corporate Finance Essentials,79.0888888888888889
Introduction to AI,80.2558139534883721
Azure Basics,81.8378378378378378
SEO Fundamentals,78.4883720930232558
Employee Engagement Techniques,81.1842105263157895
Incident Response,80.3333333333333333
Frontend Development Basics,80.2068965517241379
Design Tools Overview,80.6578947368421053
AI in IoT,80.2941176470588235
Tokenomics,80.8372093023255814
Security in Cloud Computing,81.0937500000000000
Affiliate Marketing,79.1000000000000000
Data Analysis for Business Decisions,80.4300202839756592
Container Orchestration with Kubernetes,81.4848484848484848
Introduction to Content Creation,80.5937500000000000
2D Game Development,79.9090909090909091
Remote Support Techniques,80.2115384615384615
Risk Management in Cybersecurity,80.2666666666666667
Blockchain Security,79.3469387755102041
Influencer Marketing,78.6739130434782609
Cryptography Basics,79.6944444444444444
Natural Language Processing Techniques,79.8947368421052632
Deep Learning Fundamentals,80.0571428571428571
Serverless Architecture,80.3658536585365854
Digital Sales Techniques,80.0666666666666667
Presentation Skills for Business Analysts,81.5641025641025641
Sales Analytics,83.3095238095238095
Communication Skills for Project Managers,78.3611111111111111
Change Management,80.3684210526315789
Predictive Analytics,80.2954545454545455
Introduction to DevOps,79.1851851851851852
Talent Acquisition Strategies,81.1960784313725490
Mobile App Security,80.1000000000000000
AI in Healthcare,81.5428571428571429
Security Awareness for IT Support,79.3095238095238095
Game Monetization Strategies,79.8387096774193548
App Monetization Strategies,81.0526315789473684
Content Promotion Strategies,82.1081081081081081
Virtual Reality Development,78.9230769230769231
Agile Project Management,81.4324324324324324
Project Scheduling Techniques,80.6571428571428571
Reinforcement Learning Techniques,80.9687500000000000
Performance Optimization for Mobile Apps,80.7234042553191489
Unity Basics,79.7659574468085106
Deployment of ML Models,79.8888888888888889
Content Management Systems (CMS),81.2727272727272727
Networking Basics,78.1538461538461538
Automating Cloud Deployments,79.0000000000000000
Cloud Security Best Practices,79.7179487179487179
Introduction to Blockchain,78.7142857142857143
Training and Development,79.8000000000000000
Performance Management Systems,81.1666666666666667
Content Marketing Strategies,78.9687500000000000
Reinforcement Learning,83.0238095238095238
Ethical Hacking Basics,79.6578947368421053
Graphic Design Basics for Content,80.8965517241379310
Data Ethics,79.9229979466119097
Cryptocurrency Fundamentals,80.0000000000000000
E-commerce Development Basics,79.6153846153846154
Web Accessibility Standards,79.8709677419354839
Network Security Fundamentals,78.3720930232558140
Data Cleaning & Preprocessing,79.9448416751787538
Interaction Design Principles,79.1538461538461538
Introduction to Machine Learning,81.1836734693877551
Git & GitHub,79.7750000000000000
HTML & CSS,76.0833333333333333
Blogging for Beginners,79.9318181818181818
Business Case Development,79.7894736842105263
Game Testing Techniques,83.0000000000000000
AI in Robotics,79.3529411764705882
Smart Contracts Development,79.8750000000000000
Data Visualization with Matplotlib,80.3715455475946776
Content Strategy Development,80.3428571428571429
Stakeholder Management,79.9142857142857143
Quality Management,78.7446808510638298
Financial Analysis Techniques,81.6666666666666667
Video Production Basics,80.9666666666666667
SEO for Content Creators,78.7647058823529412
React,77.3939393939393939
Social Media Content Creation,79.6000000000000000
Brand Management Online,78.1219512195121951
Project Management Basics,80.0000000000000000
Introduction to Cloud Computing,81.4000000000000000
Computer Vision Basics,78.9729729729729730
Podcasting Fundamentals,81.3488372093023256
Introduction to Finance,80.3000000000000000
JavaScript Frameworks Overview,80.5384615384615385
Progressive Web Apps (PWAs),80.7500000000000000
Natural Language Processing,80.2187500000000000
Financial Planning and Forecasting,78.6666666666666667
Project Management Tools Overview,79.5925925925925926
Malware Analysis,80.8157894736842105
Introduction to Game Development,79.0000000000000000
Data Analysis with Pandas,79.9172625127681307
Design Thinking Process,79.6388888888888889
Building Customer Relationships,80.9500000000000000
JavaScript Basics,78.7948717948717949
Time Series Analysis,78.4871794871794872
Unreal Engine Basics,79.8250000000000000
Financial Reporting Standards,80.1904761904761905
API Development,79.6250000000000000
Vulnerability Assessment,82.2619047619047619
Understanding Consumer Behavior,80.5000000000000000
Android Development Basics,82.8604651162790698
Conflict Resolution in HR,79.8000000000000000
RESTful Services,80.3421052631578947
Email Marketing Basics,79.8181818181818182
Conversion Rate Optimization,81.2500000000000000
Blockchain Use Cases,78.8181818181818182
Deep Learning with TensorFlow,79.5312500000000000
Model Evaluation,77.3333333333333333
Statistical Analysis,79.9166666666666667
Game Design Principles,80.1136363636363636
Cloud Cost Management,79.4736842105263158
Stakeholder Analysis,82.0232558139534884
Sales Fundamentals,79.4878048780487805
Introduction to Human Resources,81.2926829268292683
Penetration Testing,80.2500000000000000
Google Cloud Platform Essentials,82.4680851063829787
Customer Service Skills for IT,79.2619047619047619
Node.js,79.9117647058823529
Budgeting Basics,77.8260869565217391
AWS Fundamentals,80.5609756097560976
Mobile Testing Strategies,82.0000000000000000
Labor Laws and Compliance,80.9090909090909091
Introduction to Business Analysis,81.3888888888888889
Decentralized Applications (DApps),80.8387096774193548
Hyperledger Basics,80.1750000000000000
iOS Development Basics,80.8600000000000000
Web Application Security,80.8378378378378378
Operating Systems Overview,80.5128205128205128
Editing and Proofreading Techniques,79.5789473684210526
Agile Methodologies,80.7000000000000000
Continuous Integration and Delivery,78.7241379310344828
Social Media Marketing,80.3000000000000000
3D Game Development,80.6341463414634146
Web Performance Optimization,77.4594594594594595
Infrastructure as Code,81.7000000000000000
Publishing Mobile Apps,81.4250000000000000
Risk Management in Projects,79.4615384615384615
Budgeting for Projects,78.8787878787878788
ITIL Foundations,79.8965517241379310
Introduction to UI/UX Design,78.4054054054054054
Python for Data Science,80.2972972972972973
Risk Management in Finance,78.4146341463414634
Speech Recognition Technologies,79.3142857142857143
User Interface Design for Mobile Apps,79.5000000000000000
Consensus Algorithms,79.1818181818181818
DevOps in the Cloud,80.9411764705882353
Time Management for Sales,79.5227272727272727
Ethics in AI,81.2325581395348837
Express.js,80.1750000000000000
Responsive Web Design,78.2727272727272727
HR Technology Tools,81.7906976744186047
Presentation Skills for Sales,80.0714285714285714
Big Data with Spark,81.7954545454545455
Visual Design Basics,79.5250000000000000
Supervised Learning,79.6000000000000000
AI for Business,80.6578947368421053
HR Analytics,78.7777777777777778
Machine Learning Basics,80.9772727272727273
Computer Vision Applications,80.6562500000000000
Responsive Design Principles,78.2564102564102564
